Workbook

Sheet Hoja1
A1: Fecha | B1: Rubro | C1: Unidad de producción | D1: Cosecha/Tarea | E1: Producción/Quintales | F1: Productividad (QQ/TAS) | G1: Productividad (kg/TAS) | H1: Precio | I1: Unidad de precio | J1: Precio por kg | K1: Costos
A2: 36526 | B2: Arroz | C2: Quintal | D2: 67860 | E2: 170243 | F2: =E2/D2 -> 2.5087386 | G2: =F2*45.36 -> 113.79638 | H2: 1066.8669 | I2: Fan. 110 Kg | J2: =H2/110 -> 9.6987899
A3: 36557 | B3: Arroz | C3: Quintal | D3: 15498 | E3: 35642 | F3: =E3/D3 -> 2.2997806 | G3: =F3*45.36 -> 104.31805 | H3: 956.45545 | I3: Fan. 110 Kg | J3: =H3/110 -> 8.6950495
A4: 36586 | B4: Arroz | C4: Quintal | D4: 7902 | E4: 23368 | F4: =E4/D4 -> 2.957226 | G4: =F4*45.36 -> 134.13977 | H4: 1156.077 | I4: Fan. 110 Kg | J4: =H4/110 -> 10.509791
A5: 36617 | B5: Arroz | C5: Quintal | D5: 37236 | E5: 139693 | F5: =E5/D5 -> 3.7515576 | G5: =F5*45.36 -> 170.17065 | H5: 1093.4895 | I5: Fan. 110 Kg | J5: =H5/110 -> 9.9408141
A6: 36647 | B6: Arroz | C6: Quintal | D6: 222362 | E6: 1031097 | F6: =E6/D6 -> 4.6370198 | G6: =F6*45.36 -> 210.33522 | H6: 1163.5314 | I6: Fan. 110 Kg | J6: =H6/110 -> 10.577558
A7: 36678 | B7: Arroz | C7: Quintal | D7: 340330 | E7: 1745864 | F7: =E7/D7 -> 5.1299151 | G7: =F7*45.36 -> 232.69295 | H7: 1022.7943 | I7: Fan. 110 Kg | J7: =H7/110 -> 9.2981298
A8: 36708 | B8: Arroz | C8: Quintal | D8: 197810 | E8: 1051585 | F8: =E8/D8 -> 5.3161367 | G8: =F8*45.36 -> 241.13996 | H8: 1087.802 | I8: Fan. 110 Kg | J8: =H8/110 -> 9.8891089
A9: 36739 | B9: Arroz | C9: Quintal | D9: 126214 | E9: 612099 | F9: =E9/D9 -> 4.8496918 | G9: =F9*45.36 -> 219.98202 | H9: 980.80308 | I9: Fan. 110 Kg | J9: =H9/110 -> 8.9163916
A10: 36770 | B10: Arroz | C10: Quintal | D10: 191615 | E10: 750970 | F10: =E10/D10 -> 3.9191608 | G10: =F10*45.36 -> 177.77313 | H10: 1007.2321 | I10: Fan. 110 Kg | J10: =H10/110 -> 9.1566557
A11: 36800 | B11: Arroz | C11: Quintal | D11: 322266 | E11: 1171356 | F11: =E11/D11 -> 3.6347489 | G11: =F11*45.36 -> 164.87221 | H11: 944.81408 | I11: Fan. 110 Kg | J11: =H11/110 -> 8.5892189
A12: 36831 | B12: Arroz | C12: Quintal | D12: 300096 | E12: 1038734 | F12: =E12/D12 -> 3.461339 | G12: =F12*45.36 -> 157.00634 | H12: 996.65567 | I12: Fan. 110 Kg | J12: =H12/110 -> 9.0605061
A13: 36861 | B13: Arroz | C13: Quintal | D13: 164365 | E13: 546838 | F13: =E13/D13 -> 3.3269735 | G13: =F13*45.36 -> 150.91152 | H13: 1068.8515 | I13: Fan. 110 Kg | J13: =H13/110 -> 9.7168317
A14: 36526 | B14: Maíz | C14: Quintal | D14: 28486 | E14: 47296 | F14: =E14/D14 -> 1.6603244 | G14: =F14*45.36 -> 75.312313 | H14: 102.7445 | I14: Quintal | J14: =H14/45.36 -> 2.2650904
A15: 36557 | B15: Maíz | C15: Quintal | D15: 32095 | E15: 59991 | F15: =E15/D15 -> 1.8691697 | G15: =F15*45.36 -> 84.785535 | H15: 117.713 | I15: Quintal | J15: =H15/45.36 -> 2.5950838
A16: 36586 | B16: Maíz | C16: Quintal | D16: 16370 | E16: 28986 | F16: =E16/D16 -> 1.7706781 | G16: =F16*45.36 -> 80.317957 | H16: 124.8009 | I16: Quintal | J16: =H16/45.36 -> 2.7513426
A17: 36617 | B17: Maíz | C17: Quintal | D17: 21666 | E17: 40527 | F17: =E17/D17 -> 1.8705345 | G17: =F17*45.36 -> 84.847444 | H17: 155.20686 | I17: Quintal | J17: =H17/45.36 -> 3.4216679
A18: 36647 | B18: Maíz | C18: Quintal | D18: 15499 | E18: 30310 | F18: =E18/D18 -> 1.95561 | G18: =F18*45.36 -> 88.706471 | H18: 161.376 | I18: Quintal | J18: =H18/45.36 -> 3.557672
A19: 36678 | B19: Maíz | C19: Quintal | D19: 20946 | E19: 35647 | F19: =E19/D19 -> 1.7018524 | G19: =F19*45.36 -> 77.196024 | H19: 143.10516 | I19: Quintal | J19: =H19/45.36 -> 3.1548757
A20: 36708 | B20: Maíz | C20: Quintal | D20: 20492 | E20: 33257 | F20: =E20/D20 -> 1.622926 | G20: =F20*45.36 -> 73.615924 | H20: 120.24 | I20: Quintal | J20: =H20/45.36 -> 2.6507937
A21: 36739 | B21: Maíz | C21: Quintal | D21: 34200 | E21: 57065 | F21: =E21/D21 -> 1.6685673 | G21: =F21*45.36 -> 75.686211 | H21: 114.8976 | I21: Quintal | J21: =H21/45.36 -> 2.5330159
A22: 36770 | B22: Maíz | C22: Quintal | D22: 24151 | E22: 39667 | F22: =E22/D22 -> 1.6424579 | G22: =F22*45.36 -> 74.501889 | H22: 130.06775 | I22: Quintal | J22: =H22/45.36 -> 2.8674548
A23: 36800 | B23: Maíz | C23: Quintal | D23: 29711 | E23: 50863 | F23: =E23/D23 -> 1.7119249 | G23: =F23*45.36 -> 77.652912 | H23: 107.064 | I23: Quintal | J23: =H23/45.36 -> 2.3603175
A24: 36831 | B24: Maíz | C24: Quintal | D24: 36728 | E24: 63486 | F24: =E24/D24 -> 1.728545 | G24: =F24*45.36 -> 78.4068 | H24: 118.041 | I24: Quintal | J24: =H24/45.36 -> 2.6023148
A25: 36861 | B25: Maíz | C25: Quintal | D25: 27775 | E25: 40210 | F25: =E25/D25 -> 1.4477048 | G25: =F25*45.36 -> 65.667888 | H25: 127.90208 | I25: Quintal | J25: =H25/45.36 -> 2.8197108
... A109: 36861 | B109: Berenjena | C109: Quintal | D109: 2277 | E109: 18817 | F109: =E109/D109 -> 8.2639438 | G109: =F109*45.36 -> 374.85249 | H109: 148.16667 | I109: Quintal | J109: =H109/45.36 -> 3.2664609
A110: 36526 | B110: Aguacate | C110: Quintal | D110: 6878 | E110: 7434 | F110: =E110/D110 -> 1.0808375 | G110: =F110*45.36 -> 49.026787 | H110: 1262.5 | I110: Millar | J110: =(H110/1000)/0.56234 -> 2.245083
A111: 36557 | B111: Aguacate | C111: Quintal | D111: 1157 | E111: 1610 | F111: =E111/D111 -> 1.3915298 | G111: =F111*45.36 -> 63.119793 | H111: 1840 | I111: Millar | J111: =(H111/1000)/0.56234 -> 3.2720418
A112: 36586 | B112: Aguacate | C112: Quintal | D112: 356 | E112: 367 | F112: =E112/D112 -> 1.0308989 | G112: =F112*45.36 -> 46.761573 | H112: 1917.38 | I112: Millar | J112: =(H112/1000)/0.56234 -> 3.4096454
A113: 36617 | B113: Aguacate | C113: Quintal | D113: 113 | E113: 36 | F113: =E113/D113 -> 0.31858407 | G113: =F113*45.36 -> 14.450973 | H113: 1325 | I113: Millar | J113: =(H113/1000)/0.56234 -> 2.3562258
A114: 36647 | B114: Aguacate | C114: Quintal | D114: 79 | E114: 46 | F114: =E114/D114 -> 0.58227848 | G114: =F114*45.36 -> 26.412152 | H114: 1924.1 | I114: Millar | J114: =(H114/1000)/0.56234 -> 3.4215955
A115: 36678 | B115: Aguacate | C115: Quintal | D115: 70 | E115: 112 | F115: =E115/D115 -> 1.6 | G115: =F115*45.36 -> 72.576 | H115: 1716.5 | I115: Millar | J115: =(H115/1000)/0.56234 -> 3.0524238
A116: 36708 | B116: Aguacate | C116: Quintal | D116: 5988 | E116: 5178 | F116: =E116/D116 -> 0.86472946 | G116: =F116*45.36 -> 39.224128 | H116: 953.39 | I116: Millar | J116: =(H116/1000)/0.56234 -> 1.6953978
A117: 36739 | B117: Aguacate | C117: Quintal | D117: 12066 | E117: 22422 | F117: =E117/D117 -> 1.8582795 | G117: =F117*45.36 -> 84.291556 | H117: 954.13 | I117: Millar | J117: =(H117/1000)/0.56234 -> 1.6967137
A118: 36770 | B118: Aguacate | C118: Quintal | D118: 21733 | E118: 45092 | F118: =E118/D118 -> 2.0748171 | G118: =F118*45.36 -> 94.113704 | H118: 927.18 | I118: Millar | J118: =(H118/1000)/0.56234 -> 1.648789
A119: 36800 | B119: Aguacate | C119: Quintal | D119: 18849 | E119: 34864 | F119: =E119/D119 -> 1.8496472 | G119: =F119*45.36 -> 83.899997 | H119: 943.334 | I119: Millar | J119: =(H119/1000)/0.56234 -> 1.6775154
A120: 36831 | B120: Aguacate | C120: Quintal | D120: 14085 | E120: 25207 | F120: =E120/D120 -> 1.7896344 | G120: =F120*45.36 -> 81.177815 | H120: 1960 | I120: Millar | J120: =(H120/1000)/0.56234 -> 3.4854359
A121: 36861 | B121: Aguacate | C121: Quintal | D121: 15627 | E121: 37827 | F121: =E121/D121 -> 2.4206182 | G121: =F121*45.36 -> 109.79924 | H121: 2662.5 | I121: Millar | J121: =(H121/1000)/0.56234 -> 4.7346801
A122: 36526 | B122: Guineo | C122: Racimo | D122: 213160 | E122: 1394241 | F122: =E122/D122 -> 6.5408191 | G122: =F122*27.21 -> 177.97569 | H122: 18.625 | I122: Racimo/60 Lb/120Ud. | J122: =H122/27.21 -> 0.684491
A123: 36557 | B123: Guineo | C123: Racimo | D123: 212414 | E123: 1123980 | F123: =E123/D123 -> 5.2914591 | G123: =F123*27.21 -> 143.9806 | H123: 21.46125 | I123: Racimo/60 Lb/120Ud. | J123: =H123/27.21 -> 0.78872657
A124: 36586 | B124: Guineo | C124: Racimo | D124: 207839 | E124: 1205187 | F124: =E124/D124 -> 5.7986567 | G124: =F124*27.21 -> 157.78145 | H124: 21.486667 | I124: Racimo/60 Lb/120Ud. | J124: =H124/27.21 -> 0.78966066
A125: 36617 | B125: Guineo | C125: Racimo | D125: 213090 | E125: 954582 | F125: =E125/D125 -> 4.4797128 | G125: =F125*27.21 -> 121.89299 | H125: 21.364286 | I125: Racimo/60 Lb/120Ud. | J125: =H125/27.21 -> 0.78516302
A126: 36647 | B126: Guineo | C126: Racimo | D126: 225717 | E126: 1405260 | F126: =E126/D126 -> 6.2257606 | G126: =F126*27.21 -> 169.40295 | H126: 19.24 | I126: Racimo/60 Lb/120Ud. | J126: =H126/27.21 -> 0.70709298
A127: 36678 | B127: Guineo | C127: Racimo | D127: 232389 | E127: 1622628 | F127: =E127/D127 -> 6.9823787 | G127: =F127*27.21 -> 189.99052 | H127: 15.8 | I127: Racimo/60 Lb/120Ud. | J127: =H127/27.21 -> 0.58066887
A128: 36708 | B128: Guineo | C128: Racimo | D128: 239144 | E128: 1720290 | F128: =E128/D128 -> 7.1935319 | G128: =F128*27.21 -> 195.736 | H128: 13.916667 | I128: Racimo/60 Lb/120Ud. | J128: =H128/27.21 -> 0.51145412
A129: 36739 | B129: Guineo | C129: Racimo | D129: 235687 | E129: 1704829 | F129: =E129/D129 -> 7.2334452 | G129: =F129*27.21 -> 196.82204 | H129: 15.083333 | I129: Racimo/60 Lb/120Ud. | J129: =H129/27.21 -> 0.55433052
A130: 36770 | B130: Guineo | C130: Racimo | D130: 236876 | E130: 1514718 | F130: =E130/D130 -> 6.3945609 | G130: =F130*27.21 -> 173.996 | H130: 24.916667 | I130: Racimo/60 Lb/120Ud. | J130: =H130/27.21 -> 0.91571726
A131: 36800 | B131: Guineo | C131: Racimo | D131: 235362 | E131: 1479204 | F131: =E131/D131 -> 6.2848038 | G131: =F131*27.21 -> 171.00951 | H131: 23.442 | I131: Racimo/60 Lb/120Ud. | J131: =H131/27.21 -> 0.8615215
A132: 36831 | B132: Guineo | C132: Racimo | D132: 324794 | E132: 1583062 | F132: =E132/D132 -> 4.8740494 | G132: =F132*27.21 -> 132.62288 | H132: 23.011429 | I132: Racimo/60 Lb/120Ud. | J132: =H132/27.21 -> 0.84569749
A133: 36861 | B133: Guineo | C133: Racimo | D133: 259643 | E133: 1533707 | F133: =E133/D133 -> 5.9069838 | G133: =F133*27.21 -> 160.72903 | H133: 24.125 | I133: Racimo/60 Lb/120Ud. | J133: =H133/27.21 -> 0.88662257
A134: 36526 | B134: Plátano | C134: Millar | D134: 539995 | E134: 90274 | F134: =E134/D134 -> 0.16717562 | G134: =F134*408.15 -> 68.23273 | H134: 918 | I134: Millar | J134: =(H134/1000)/0.40815 -> 2.2491731
A135: 36557 | B135: Plátano | C135: Millar | D135: 472088 | E135: 91179 | F135: =E135/D135 -> 0.19313984 | G135: =F135*408.15 -> 78.830025 | H135: 1075.3138 | I135: Millar | J135: =(H135/1000)/0.40815 -> 2.6346043
A136: 36586 | B136: Plátano | C136: Millar | D136: 556635 | E136: 91839 | F136: =E136/D136 -> 0.16498963 | G136: =F136*408.15 -> 67.340516 | H136: 1229.8617 | I136: Millar | J136: =(H136/1000)/0.40815 -> 3.013259
A137: 36617 | B137: Plátano | C137: Millar | D137: 572998 | E137: 101244 | F137: =E137/D137 -> 0.17669172 | G137: =F137*408.15 -> 72.116724 | H137: 1013.885 | I137: Millar | J137: =(H137/1000)/0.40815 -> 2.484099
A138: 36647 | B138: Plátano | C138: Millar | D138: 595034 | E138: 120962 | F138: =E138/D138 -> 0.20328586 | G138: =F138*408.15 -> 82.971125 | H138: 725.9 | I138: Millar | J138: =(H138/1000)/0.40815 -> 1.7785128
A139: 36678 | B139: Plátano | C139: Millar | D139: 579293 | E139: 123619 | F139: =E139/D139 -> 0.21339633 | G139: =F139*408.15 -> 87.097712 | H139: 471 | I139: Millar | J139: =(H139/1000)/0.40815 -> 1.1539875
A140: 36708 | B140: Plátano | C140: Millar | D140: 592826 | E140: 140447 | F140: =E140/D140 -> 0.236911 | G140: =F140*408.15 -> 96.695224 | H140: 490.83333 | I140: Millar | J140: =(H140/1000)/0.40815 -> 1.2025808
A141: 36739 | B141: Plátano | C141: Millar | D141: 565020 | E141: 116357 | F141: =E141/D141 -> 0.2059343 | G141: =F141*408.15 -> 84.052086 | H141: 575.08333 | I141: Millar | J141: =(H141/1000)/0.40815 -> 1.409
A142: 36770 | B142: Plátano | C142: Millar | D142: 541982 | E142: 103566 | F142: =E142/D142 -> 0.19108753 | G142: =F142*408.15 -> 77.992374 | H142: 1278.3467 | I142: Millar | J142: =(H142/1000)/0.40815 -> 3.1320511
A143: 36800 | B143: Plátano | C143: Millar | D143: 570834 | E143: 107808 | F143: =E143/D143 -> 0.18886051 | G143: =F143*408.15 -> 77.083417 | H143: 1266.516 | I143: Millar | J143: =(H143/1000)/0.40815 -> 3.103065
A144: 36831 | B144: Plátano | C144: Millar | D144: 575291 | E144: 76017 | F144: =E144/D144 -> 0.13213661 | G144: =F144*408.15 -> 53.931556 | H144: 1496.7386 | I144: Millar | J144: =(H144/1000)/0.40815 -> 3.6671287
A145: 36861 | B145: Plátano | C145: Millar | D145: 562094 | E145: 78057 | F145: =E145/D145 -> 0.13886823 | G145: =F145*408.15 -> 56.679069 | H145: 1429.75 | I145: Millar | J145: =(H145/1000)/0.40815 -> 3.5030013
A146: 36892 | B146: Arroz | C146: Quintal | D146: 58745 | E146: 175343 | F146: =E146/D146 -> 2.9848157 | G146: =F146*45.36 -> 135.39124 | H146: 968.29043 | I146: Fan. (110 Kg) | J146: =H146/110 -> 8.8026403
A147: 36923 | B147: Arroz | C147: Quintal | D147: 16321 | E147: 53626 | F147: =E147/D147 -> 3.2857055 | G147: =F147*45.36 -> 149.0396 | H147: 1210.121 | I147: Fan. (110 Kg) | J147: =H147/110 -> 11.0011
A148: 36951 | B148: Arroz | C148: Quintal | D148: 5760 | E148: 22549 | F148: =E148/D148 -> 3.9147569 | G148: =F148*45.36 -> 177.57337 | H148: 1111.3025 | I148: Fan. (110 Kg) | J148: =H148/110 -> 10.10275
A149: 36982 | B149: Arroz | C149: Quintal | D149: 25713 | E149: 120636 | F149: =E149/D149 -> 4.6916346 | G149: =F149*45.36 -> 212.81254 | H149: 1060.066 | I149: Fan. (110 Kg) | J149: =H149/110 -> 9.6369637
A150: 37012 | B150: Arroz | C150: Quintal | D150: 121993 | E150: 581527 | F150: =E150/D150 -> 4.7668883 | G150: =F150*45.36 -> 216.22605 | H150: 1004.2068 | I150: Fan. (110 Kg) | J150: =H150/110 -> 9.1291529
A151: 37043 | B151: Arroz | C151: Quintal | D151: 470883 | E151: 2424189 | F151: =E151/D151 -> 5.1481769 | G151: =F151*45.36 -> 233.52131 | H151: 1096.3696 | I151: Fan. (110 Kg) | J151: =H151/110 -> 9.9669967
A152: 37073 | B152: Arroz | C152: Quintal | D152: 374523 | E152: 2049275 | F152: =E152/D152 -> 5.4716933 | G152: =F152*45.36 -> 248.19601 | H152: 797.13091 | I152: Fan. (110 Kg) | J152: =H152/110 -> 7.2466447
A153: 37104 | B153: Arroz | C153: Quintal | D153: 138680 | E153: 657907 | F153: =E153/D153 -> 4.7440655 | G153: =F153*45.36 -> 215.19081 | H153: 971.48515 | I153: Fan. (110 Kg) | J153: =H153/110 -> 8.8316832
A154: 37135 | B154: Arroz | C154: Quintal | D154: 279516 | E154: 1076858 | F154: =E154/D154 -> 3.8525809 | G154: =F154*45.36 -> 174.75307 | H154: 790.18482 | I154: Fan. (110 Kg) | J154: =H154/110 -> 7.1834983
A155: 37165 | B155: Arroz | C155: Quintal | D155: 377707 | E155: 1421548 | F155: =E155/D155 -> 3.7636263 | G155: =F155*45.36 -> 170.71809 | H155: 978.74587 | I155: Fan. (110 Kg) | J155: =H155/110 -> 8.8976898
A156: 37196 | B156: Arroz | C156: Quintal | D156: 309597 | E156: 1183247 | F156: =E156/D156 -> 3.8218943 | G156: =F156*45.36 -> 173.36112 | H156: 848.48845 | I156: Fan. (110 Kg) | J156: =H156/110 -> 7.7135314
A157: 37226 | B157: Arroz | C157: Quintal | D157: 164699 | E157: 574718 | F157: =E157/D157 -> 3.4895051 | G157: =F157*45.36 -> 158.28395 | H157: 1036.7107 | I157: Fan. (110 Kg) | J157: =H157/110 -> 9.4246425
A158: 36892 | B158: Maíz | C158: Quintal | D158: 30716 | E158: 48838 | F158: =E158/D158 -> 1.5899857 | G158: =F158*45.36 -> 72.12175 | H158: 134.58317 | I158: Quintal | J158: =H158/45.36 -> 2.967001
A159: 36923 | B159: Maíz | C159: Quintal | D159: 29076 | E159: 48309 | F159: =E159/D159 -> 1.6614734 | G159: =F159*45.36 -> 75.364433 | H159: 128.94324 | I159: Quintal | J159: =H159/45.36 -> 2.842664
A160: 36951 | B160: Maíz | C160: Quintal | D160: 28827 | E160: 48561 | F160: =E160/D160 -> 1.6845666 | G160: =F160*45.36 -> 76.411939 | H160: 136.21942 | I160: Quintal | J160: =H160/45.36 -> 3.0030736
A161: 36982 | B161: Maíz | C161: Quintal | D161: 54214 | E161: 126837 | F161: =E161/D161 -> 2.3395617 | G161: =F161*45.36 -> 106.12252 | H161: 132.35429 | I161: Quintal | J161: =H161/45.36 -> 2.9178634
A162: 37012 | B162: Maíz | C162: Quintal | D162: 22982 | E162: 44654 | F162: =E162/D162 -> 1.9429989 | G162: =F162*45.36 -> 88.134429 | H162: 135.975 | I162: Quintal | J162: =H162/45.36 -> 2.9976852
A163: 37043 | B163: Maíz | C163: Quintal | D163: 24680 | E163: 77617 | F163: =E163/D163 -> 3.1449352 | G163: =F163*45.36 -> 142.65426 | H163: 137.17 | I163: Quintal | J163: =H163/45.36 -> 3.02403
A164: 37073 | B164: Maíz | C164: Quintal | D164: 34223 | E164: 65214 | F164: =E164/D164 -> 1.9055606 | G164: =F164*45.36 -> 86.436228 | H164: 120.38429 | I164: Quintal | J164: =H164/45.36 -> 2.6539746
A165: 37104 | B165: Maíz | C165: Quintal | D165: 51040 | E165: 93556 | F165: =E165/D165 -> 1.8329937 | G165: =F165*45.36 -> 83.144596 | H165: 110.54811 | I165: Quintal | J165: =H165/45.36 -> 2.4371277
A166: 37135 | B166: Maíz | C166: Quintal | D166: 46369 | E166: 74587 | F166: =E166/D166 -> 1.6085531 | G166: =F166*45.36 -> 72.96397 | H166: 117.21325 | I166: Quintal | J166: =H166/45.36 -> 2.5840664
A167: 37165 | B167: Maíz | C167: Quintal | D167: 44100 | E167: 78742 | F167: =E167/D167 -> 1.7855329 | G167: =F167*45.36 -> 80.991771 | H167: 109.21281 | I167: Quintal | J167: =H167/45.36 -> 2.4076899
A168: 37196 | B168: Maíz | C168: Quintal | D168: 25543 | E168: 41579 | F168: =E168/D168 -> 1.6278041 | G168: =F168*45.36 -> 73.837194 | H168: 119.33973 | I168: Quintal | J168: =H168/45.36 -> 2.6309465
A169: 37226 | B169: Maíz | C169: Quintal | D169: 41842 | E169: 56517 | F169: =E169/D169 -> 1.3507242 | G169: =F169*45.36 -> 61.268848 | H169: 121.86 | I169: Quintal | J169: =H169/45.36 -> 2.6865079
... A253: 37226 | B253: Berenjena | C253: Quintal | D253: 1827 | E253: 21138 | F253: =E253/D253 -> 11.569787 | G253: =F253*45.36 -> 524.80552 | H253: 230.35714 | I253: Quintal | J253: =H253/45.36 -> 5.0784203
A254: 36892 | B254: Aguacate | C254: Quintal | D254: 2388 | E254: 1189 | F254: =E254/D254 -> 0.4979062 | G254: =F254*45.36 -> 22.585025 | H254: 1950 | I254: Millar | J254: =(H254/1000)/0.56234 -> 3.467653
A255: 36923 | B255: Aguacate | C255: Quintal | D255: 4937 | E255: 13682 | F255: =E255/D255 -> 2.7713186 | G255: =F255*45.36 -> 125.70701 | H255: 2000 | I255: Millar | J255: =(H255/1000)/0.56234 -> 3.5565672
A256: 36951 | B256: Aguacate | C256: Quintal | D256: 660 | E256: 530 | F256: =E256/D256 -> 0.8030303 | G256: =F256*45.36 -> 36.425455 | H256: 3312.5 | I256: Millar | J256: =(H256/1000)/0.56234 -> 5.8905644
A257: 36982 | B257: Aguacate | C257: Quintal | D257: 291 | E257: 517 | F257: =E257/D257 -> 1.7766323 | G257: =F257*45.36 -> 80.588041 | H257: 3533.3333 | I257: Millar | J257: =(H257/1000)/0.56234 -> 6.2832687
A258: 37012 | B258: Aguacate | C258: Quintal | D258: 42 | E258: 114 | F258: =E258/D258 -> 2.7142857 | G258: =F258*45.36 -> 123.12 | H258: 5500 | I258: Millar | J258: =(H258/1000)/0.56234 -> 9.7805598
A259: 37043 | B259: Aguacate | C259: Quintal | D259: 1682 | E259: 4741 | F259: =E259/D259 -> 2.8186683 | G259: =F259*45.36 -> 127.85479 | H259: 1783.3333 | I259: Millar | J259: =(H259/1000)/0.56234 -> 3.1712724
A260: 37073 | B260: Aguacate | C260: Quintal | D260: 2161 | E260: 6496 | F260: =E260/D260 -> 3.0060157 | G260: =F260*45.36 -> 136.35287 | H260: 2023.084 | I260: Millar | J260: =(H260/1000)/0.56234 -> 3.5976171
A261: 37104 | B261: Aguacate | C261: Quintal | D261: 21636 | E261: 37722 | F261: =E261/D261 -> 1.7434831 | G261: =F261*45.36 -> 79.084393 | H261: 651.25 | I261: Millar | J261: =(H261/1000)/0.56234 -> 1.1581072
A262: 37135 | B262: Aguacate | C262: Quintal | D262: 28623 | E262: 50684 | F262: =E262/D262 -> 1.7707438 | G262: =F262*45.36 -> 80.320939 | H262: 889 | I262: Millar | J262: =(H262/1000)/0.56234 -> 1.5808941
A263: 37165 | B263: Aguacate | C263: Quintal | D263: 24847 | E263: 38878 | F263: =E263/D263 -> 1.5646959 | G263: =F263*45.36 -> 70.974608 | H263: 1432.9483 | I263: Millar | J263: =(H263/1000)/0.56234 -> 2.5481885
A264: 37196 | B264: Aguacate | C264: Quintal | D264: 20940 | E264: 37522 | F264: =E264/D264 -> 1.7918816 | G264: =F264*45.36 -> 81.279748 | H264: 1155.4067 | I264: Millar | J264: =(H264/1000)/0.56234 -> 2.0546407
A265: 37226 | B265: Aguacate | C265: Quintal | D265: 30192 | E265: 52764 | F265: =E265/D265 -> 1.7476153 | G265: =F265*45.36 -> 79.271828 | H265: 1333.3333 | I265: Millar | J265: =(H265/1000)/0.56234 -> 2.3710448
A266: 36892 | B266: Guineo | C266: Racimo | D266: 262060 | E266: 1496409 | F266: =E266/D266 -> 5.7101771 | G266: =F266*27.21 -> 155.37392 | H266: 26.375 | I266: Racimo/60 Lb/120Ud. | J266: =H266/27.21 -> 0.96931275
...

Sheet Hoja3
A1: ** | B1: en racimos
A2: * | B2: millares
A5: En QQ a partir de 2015
A6: Guineo
A7: Plátano
A13: Peso promedio plátano (lb) | B13: 0.9
A14: Peso promedio guineo (lb) | B14: 0.5
A15: Peso promedio plátano (kg) | B15: =B13*B20 -> 0.40815 | D15: =B15*1000 -> 408.15
A17: Peso promedio guineo (kg) | B17: =B14*B20 -> 0.22675
A18: Peso promedio del racimo de plátano (Supuesto) | B18: 40 | C18: kg | D18: 30-50 kg
A20: 1 lb | B20: 0.4535 | C20: kg
B21: 45.36
A23: Racimo de guineo (lb) | B23: 60
A24: Racimo de guineo (kg) | B24: =B23*B20 -> 27.21
A27: Peso promedio del aguacate(lb) | B27: 1.24
A28: Peso promedio del aguacate(kg) | B28: =B27*B20 -> 0.56234 | D28: =1000*B28 -> 562.34
A33: Precio
A34: Arroz Cáscara | B34: Fan. 110 kg | C34: Se divide entre 110
A35: Maíz | B35: Quintal | C35: Se divide por 45.36
A36: Batata | B36: Quintal | C36: Se divide por 45.37
A37: Ñame | B37: Quintal | C37: Se divide por 45.38
A38: Papa blanca | B38: Quintal | C38: Se divide por 45.39
A39: Yautía | B39: Quintal | C39: Se divide por 45.40
A40: Yuca | B40: Quintal | C40: Se divide por 45.41 | D40: Dulce
A41: Auyama | B41: Quintal | C41: Se divide por 45.42
A42: Berenjena | B42: Quintal | C42: Se divide por 45.43
A43: Aguacate | B43: Millar | C43: 1000 y luego 0.56234
A44: Guineo | B44: Racimo | C44: se divide entre 27.21
A45: Plátano | B45: Millar | C45: 1000 y luego 0.40815

Sheet Hoja2
