Workbook

Sheet data
A1: Fecha | B1: Rubro | C1: Cosecha/Tarea | D1: Frecuencia | E1: Cosecha Mensual | F1: Producción | G1: Unidad de producción | H1: Productividad | I1: Productividad (kg/TAS) | J1: Precio | K1: Unidad de precio | L1: Precio por kg | M1: Costos (En RD$/Tarea) | N1: Beneficio Neto (En RD$/Tarea) | O1: Rentabilidad (%) | P1: Rentabilidad Mensual (%)
A2: 36526 | B2: Arroz | C2: 67860 | D2: Mensual | E2: =IF(Tabla2[[#This Row],[Frecuencia]]="Annual", Tabla2[[#This Row],[Cosecha/Tarea]]/12,Tabla2[[#This Row],[Cosecha/Tarea]]) -> 67860 | F2: 170243 | G2: Quintal | H2: =F2/Tabla2[[#This Row],[Cosecha Mensual]] -> 2.5087386 | I2: =H2*_xlfn.XLOOKUP(Tabla2[[#This Row],[Unidad de producción]],Tabla3[Medida],Tabla3[Equivalencia en Kg],"ELVIS",0) -> 113.79638 | J2: 1066.8669 | K2: Fanela | L2: =J2/_xlfn.XLOOKUP(Tabla2[[#This Row],[Unidad de precio]],Tabla3[Medida],Tabla3[Equivalencia en Kg],"ELVIS",0) -> 9.6987899 | N2: =(Tabla2[[#This Row],[Productividad (kg/TAS)]]*Tabla2[[#This Row],[Precio por kg]]-Tabla2[[#This Row],[Costos (En RD$/Tarea)]]) -> 1103.6872 | O2: =IF(Tabla2[[#This Row],[Costos (En RD$/Tarea)]]=0,0,Tabla2[[#This Row],[Beneficio Neto (En RD$/Tarea)]]/Tabla2[[#This Row],[Costos (En RD$/Tarea)]]) -> 0 | P2: =Tabla2[[#This Row],[Rentabilidad (%)]]/12 -> 0
A3: 36526 | B3: Maíz | C3: 28486 | D3: Mensual | E3: =IF(Tabla2[[#This Row],[Frecuencia]]="Annual", Tabla2[[#This Row],[Cosecha/Tarea]]/12,Tabla2[[#This Row],[Cosecha/Tarea]]) -> 28486 | F3: 47296 | G3: Quintal | H3: =F3/Tabla2[[#This Row],[Cosecha Mensual]] -> 1.6603244 | I3: =H3*_xlfn.XLOOKUP(Tabla2[[#This Row],[Unidad de producción]],Tabla3[Medida],Tabla3[Equivalencia en Kg],"ELVIS",0) -> 75.312313 | J3: 102.7445 | K3: Quintal | L3: =J3/_xlfn.XLOOKUP(Tabla2[[#This Row],[Unidad de precio]],Tabla3[Medida],Tabla3[Equivalencia en Kg],"ELVIS",0) -> 2.2650904 | N3: =(Tabla2[[#This Row],[Productividad (kg/TAS)]]*Tabla2[[#This Row],[Precio por kg]]-Tabla2[[#This Row],[Costos (En RD$/Tarea)]]) -> 170.5892 | O3: =IF(Tabla2[[#This Row],[Costos (En RD$/Tarea)]]=0,0,Tabla2[[#This Row],[Beneficio Neto (En RD$/Tarea)]]/Tabla2[[#This Row],[Costos (En RD$/Tarea)]]) -> 0 | P3: =Tabla2[[#This Row],[Rentabilidad (%)]]/12 -> 0
A4: 36526 | B4: Batata | C4: 9640 | D4: Mensual | E4: =IF(Tabla2[[#This Row],[Frecuencia]]="Annual", Tabla2[[#This Row],[Cosecha/Tarea]]/12,Tabla2[[#This Row],[Cosecha/Tarea]]) -> 9640 | F4: 84657 | G4: Quintal | H4: =F4/Tabla2[[#This Row],[Cosecha Mensual]] -> 8.7818465 | I4: =H4*_xlfn.XLOOKUP(Tabla2[[#This Row],[Unidad de producción]],Tabla3[Medida],Tabla3[Equivalencia en Kg],"ELVIS",0) -> 398.34456 | J4: 115.5 | K4: Quintal | L4: =J4/_xlfn.XLOOKUP(Tabla2[[#This Row],[Unidad de precio]],Tabla3[Medida],Tabla3[Equivalencia en Kg],"ELVIS",0) -> 2.5462963 | N4: =(Tabla2[[#This Row],[Productividad (kg/TAS)]]*Tabla2[[#This Row],[Precio por kg]]-Tabla2[[#This Row],[Costos (En RD$/Tarea)]]) -> 1014.3033 | O4: =IF(Tabla2[[#This Row],[Costos (En RD$/Tarea)]]=0,0,Tabla2[[#This Row],[Beneficio Neto (En RD$/Tarea)]]/Tabla2[[#This Row],[Costos (En RD$/Tarea)]]) -> 0 | P4: =Tabla2[[#This Row],[Rentabilidad (%)]]/12 -> 0
A5: 36526 | B5: Ñame | C5: 3329 | D5: Mensual | E5: =IF(Tabla2[[#This Row],[Frecuencia]]="Annual", Tabla2[[#This Row],[Cosecha/Tarea]]/12,Tabla2[[#This Row],[Cosecha/Tarea]]) -> 3329 | F5: 27225 | G5: Quintal | H5: =F5/Tabla2[[#This Row],[Cosecha Mensual]] -> 8.1781316 | I5: =H5*_xlfn.XLOOKUP(Tabla2[[#This Row],[Unidad de producción]],Tabla3[Medida],Tabla3[Equivalencia en Kg],"ELVIS",0) -> 370.96005 | J5: 403.125 | K5: Quintal | L5: =J5/_xlfn.XLOOKUP(Tabla2[[#This Row],[Unidad de precio]],Tabla3[Medida],Tabla3[Equivalencia en Kg],"ELVIS",0) -> 8.8872354 | N5: =(Tabla2[[#This Row],[Productividad (kg/TAS)]]*Tabla2[[#This Row],[Precio por kg]]-Tabla2[[#This Row],[Costos (En RD$/Tarea)]]) -> 3296.8093 | O5: =IF(Tabla2[[#This Row],[Costos (En RD$/Tarea)]]=0,0,Tabla2[[#This Row],[Beneficio Neto (En RD$/Tarea)]]/Tabla2[[#This Row],[Costos (En RD$/Tarea)]]) -> 0 | P5: =Tabla2[[#This Row],[Rentabilidad (%)]]/12 -> 0
A6: 36526 | B6: Papa | C6: 2767 | D6: Mensual | E6: =IF(Tabla2[[#This Row],[Frecuencia]]="Annual", Tabla2[[#This Row],[Cosecha/Tarea]]/12,Tabla2[[#This Row],[Cosecha/Tarea]]) -> 2767 | F6: 41293 | G6: Quintal | H6: =F6/Tabla2[[#This Row],[Cosecha Mensual]] -> 14.923383 | I6: =H6*_xlfn.XLOOKUP(Tabla2[[#This Row],[Unidad de producción]],Tabla3[Medida],Tabla3[Equivalencia en Kg],"ELVIS",0) -> 676.92464 | J6: 307.5 | K6: Quintal | L6: =J6/_xlfn.XLOOKUP(Tabla2[[#This Row],[Unidad de precio]],Tabla3[Medida],Tabla3[Equivalencia en Kg],"ELVIS",0) -> 6.7791005 | N6: =(Tabla2[[#This Row],[Productividad (kg/TAS)]]*Tabla2[[#This Row],[Precio por kg]]-Tabla2[[#This Row],[Costos (En RD$/Tarea)]]) -> 4588.9402 | O6: =IF(Tabla2[[#This Row],[Costos (En RD$/Tarea)]]=0,0,Tabla2[[#This Row],[Beneficio Neto (En RD$/Tarea)]]/Tabla2[[#This Row],[Costos (En RD$/Tarea)]]) -> 0 | P6: =Tabla2[[#This Row],[Rentabilidad (%)]]/12 -> 0
A7: 36526 | B7: Yautía | C7: 9454 | D7: Mensual | E7: =IF(Tabla2[[#This Row],[Frecuencia]]="Annual", Tabla2[[#This Row],[Cosecha/Tarea]]/12,Tabla2[[#This Row],[Cosecha/Tarea]]) -> 9454 | F7: 139054 | G7: Quintal | H7: =F7/Tabla2[[#This Row],[Cosecha Mensual]] -> 14.708483 | I7: =H7*_xlfn.XLOOKUP(Tabla2[[#This Row],[Unidad de producción]],Tabla3[Medida],Tabla3[Equivalencia en Kg],"ELVIS",0) -> 667.1768 | J7: 359.5 | K7: Quintal | L7: =J7/_xlfn.XLOOKUP(Tabla2[[#This Row],[Unidad de precio]],Tabla3[Medida],Tabla3[Equivalencia en Kg],"ELVIS",0) -> 7.925485 | N7: =(Tabla2[[#This Row],[Productividad (kg/TAS)]]*Tabla2[[#This Row],[Precio por kg]]-Tabla2[[#This Row],[Costos (En RD$/Tarea)]]) -> 5287.6997 | O7: =IF(Tabla2[[#This Row],[Costos (En RD$/Tarea)]]=0,0,Tabla2[[#This Row],[Beneficio Neto (En RD$/Tarea)]]/Tabla2[[#This Row],[Costos (En RD$/Tarea)]]) -> 0 | P7: =Tabla2[[#This Row],[Rentabilidad (%)]]/12 -> 0
A8: 36526 | B8: Yuca | C8: 30974 | D8: Mensual | E8: =IF(Tabla2[[#This Row],[Frecuencia]]="Annual", Tabla2[[#This Row],[Cosecha/Tarea]]/12,Tabla2[[#This Row],[Cosecha/Tarea]]) -> 30974 | F8: 265622 | G8: Quintal | H8: =F8/Tabla2[[#This Row],[Cosecha Mensual]] -> 8.5756441 | I8: =H8*_xlfn.XLOOKUP(Tabla2[[#This Row],[Unidad de producción]],Tabla3[Medida],Tabla3[Equivalencia en Kg],"ELVIS",0) -> 388.99122 | J8: 117.5975 | K8: Quintal | L8: =J8/_xlfn.XLOOKUP(Tabla2[[#This Row],[Unidad de precio]],Tabla3[Medida],Tabla3[Equivalencia en Kg],"ELVIS",0) -> 2.5925375 | N8: =(Tabla2[[#This Row],[Productividad (kg/TAS)]]*Tabla2[[#This Row],[Precio por kg]]-Tabla2[[#This Row],[Costos (En RD$/Tarea)]]) -> 1008.4743 | O8: =IF(Tabla2[[#This Row],[Costos (En RD$/Tarea)]]=0,0,Tabla2[[#This Row],[Beneficio Neto (En RD$/Tarea)]]/Tabla2[[#This Row],[Costos (En RD$/Tarea)]]) -> 0 | P8: =Tabla2[[#This Row],[Rentabilidad (%)]]/12 -> 0
A9: 36526 | B9: Auyama | C9: 6739 | D9: Mensual | E9: =IF(Tabla2[[#This Row],[Frecuencia]]="Annual", Tabla2[[#This Row],[Cosecha/Tarea]]/12,Tabla2[[#This Row],[Cosecha/Tarea]]) -> 6739 | F9: 36842 | G9: Quintal | H9: =F9/Tabla2[[#This Row],[Cosecha Mensual]] -> 5.4669832 | I9: =H9*_xlfn.XLOOKUP(Tabla2[[#This Row],[Unidad de producción]],Tabla3[Medida],Tabla3[Equivalencia en Kg],"ELVIS",0) -> 247.98236 | J9: 220.85 | K9: Quintal | L9: =J9/_xlfn.XLOOKUP(Tabla2[[#This Row],[Unidad de precio]],Tabla3[Medida],Tabla3[Equivalencia en Kg],"ELVIS",0) -> 4.8688272 | N9: =(Tabla2[[#This Row],[Productividad (kg/TAS)]]*Tabla2[[#This Row],[Precio por kg]]-Tabla2[[#This Row],[Costos (En RD$/Tarea)]]) -> 1207.3832 | O9: =IF(Tabla2[[#This Row],[Costos (En RD$/Tarea)]]=0,0,Tabla2[[#This Row],[Beneficio Neto (En RD$/Tarea)]]/Tabla2[[#This Row],[Costos (En RD$/Tarea)]]) -> 0 | P9: =Tabla2[[#This Row],[Rentabilidad (%)]]/12 -> 0
A10: 36526 | B10: Berenjena | C10: 2017 | D10: Mensual | E10: =IF(Tabla2[[#This Row],[Frecuencia]]="Annual", Tabla2[[#This Row],[Cosecha/Tarea]]/12,Tabla2[[#This Row],[Cosecha/Tarea]]) -> 2017 | F10: 14764 | G10: Quintal | H10: =F10/Tabla2[[#This Row],[Cosecha Mensual]] -> 7.3197819 | I10: =H10*_xlfn.XLOOKUP(Tabla2[[#This Row],[Unidad de producción]],Tabla3[Medida],Tabla3[Equivalencia en Kg],"ELVIS",0) -> 332.0253 | J10: 146.75 | K10: Quintal | L10: =J10/_xlfn.XLOOKUP(Tabla2[[#This Row],[Unidad de precio]],Tabla3[Medida],Tabla3[Equivalencia en Kg],"ELVIS",0) -> 3.2352293 | N10: =(Tabla2[[#This Row],[Productividad (kg/TAS)]]*Tabla2[[#This Row],[Precio por kg]]-Tabla2[[#This Row],[Costos (En RD$/Tarea)]]) -> 1074.178 | O10: =IF(Tabla2[[#This Row],[Costos (En RD$/Tarea)]]=0,0,Tabla2[[#This Row],[Beneficio Neto (En RD$/Tarea)]]/Tabla2[[#This Row],[Costos (En RD$/Tarea)]]) -> 0 | P10: =Tabla2[[#This Row],[Rentabilidad (%)]]/12 -> 0
A11: 36526 | B11: Aguacate | C11: 6878 | D11: Mensual | E11: =IF(Tabla2[[#This Row],[Frecuencia]]="Annual", Tabla2[[#This Row],[Cosecha/Tarea]]/12,Tabla2[[#This Row],[Cosecha/Tarea]]) -> 6878 | F11: 7434 | G11: Quintal | H11: =F11/Tabla2[[#This Row],[Cosecha Mensual]] -> 1.0808375 | I11: =H11*_xlfn.XLOOKUP(Tabla2[[#This Row],[Unidad de producción]],Tabla3[Medida],Tabla3[Equivalencia en Kg],"ELVIS",0) -> 49.026787 | J11: 1262.5 | K11: Millar Aguacate | L11: =J11/_xlfn.XLOOKUP(Tabla2[[#This Row],[Unidad de precio]],Tabla3[Medida],Tabla3[Equivalencia en Kg],"ELVIS",0) -> 2.245083 | N11: =(Tabla2[[#This Row],[Productividad (kg/TAS)]]*Tabla2[[#This Row],[Precio por kg]]-Tabla2[[#This Row],[Costos (En RD$/Tarea)]]) -> 110.06921 | O11: =IF(Tabla2[[#This Row],[Costos (En RD$/Tarea)]]=0,0,Tabla2[[#This Row],[Beneficio Neto (En RD$/Tarea)]]/Tabla2[[#This Row],[Costos (En RD$/Tarea)]]) -> 0 | P11: =Tabla2[[#This Row],[Rentabilidad (%)]]/12 -> 0
A12: 36526 | B12: Guineo | C12: 213160 | D12: Annual | E12: =IF(Tabla2[[#This Row],[Frecuencia]]="Annual", Tabla2[[#This Row],[Cosecha/Tarea]]/12,Tabla2[[#This Row],[Cosecha/Tarea]]) -> 17763.333 | F12: 1394241 | G12: Racimo | H12: =F12/Tabla2[[#This Row],[Cosecha Mensual]] -> 78.489829 | I12: =H12*_xlfn.XLOOKUP(Tabla2[[#This Row],[Unidad de producción]],Tabla3[Medida],Tabla3[Equivalencia en Kg],"ELVIS",0) -> 2135.7083 | J12: 18.625 | K12: Racimo | L12: =J12/_xlfn.XLOOKUP(Tabla2[[#This Row],[Unidad de precio]],Tabla3[Medida],Tabla3[Equivalencia en Kg],"ELVIS",0) -> 0.684491 | N12: =(Tabla2[[#This Row],[Productividad (kg/TAS)]]*Tabla2[[#This Row],[Precio por kg]]-Tabla2[[#This Row],[Costos (En RD$/Tarea)]]) -> 1461.8731 | O12: =IF(Tabla2[[#This Row],[Costos (En RD$/Tarea)]]=0,0,Tabla2[[#This Row],[Beneficio Neto (En RD$/Tarea)]]/Tabla2[[#This Row],[Costos (En RD$/Tarea)]]) -> 0 | P12: =Tabla2[[#This Row],[Rentabilidad (%)]]/12 -> 0
A13: 36526 | B13: Plátano | C13: 539995 | D13: Annual | E13: =IF(Tabla2[[#This Row],[Frecuencia]]="Annual", Tabla2[[#This Row],[Cosecha/Tarea]]/12,Tabla2[[#This Row],[Cosecha/Tarea]]) -> 44999.583 | F13: 90274 | G13: Millar Platano | H13: =F13/Tabla2[[#This Row],[Cosecha Mensual]] -> 2.0061075 | I13: =H13*_xlfn.XLOOKUP(Tabla2[[#This Row],[Unidad de producción]],Tabla3[Medida],Tabla3[Equivalencia en Kg],"ELVIS",0) -> 818.79276 | J13: 918 | K13: Millar Platano | L13: =J13/_xlfn.XLOOKUP(Tabla2[[#This Row],[Unidad de precio]],Tabla3[Medida],Tabla3[Equivalencia en Kg],"ELVIS",0) -> 2.2491731 | N13: =(Tabla2[[#This Row],[Productividad (kg/TAS)]]*Tabla2[[#This Row],[Precio por kg]]-Tabla2[[#This Row],[Costos (En RD$/Tarea)]]) -> 1841.6067 | O13: =IF(Tabla2[[#This Row],[Costos (En RD$/Tarea)]]=0,0,Tabla2[[#This Row],[Beneficio Neto (En RD$/Tarea)]]/Tabla2[[#This Row],[Costos (En RD$/Tarea)]]) -> 0 | P13: =Tabla2[[#This Row],[Rentabilidad (%)]]/12 -> 0
... A289: 37226 | B289: Plátano | C289: 476240 | D289: Annual | E289: =IF(Tabla2[[#This Row],[Frecuencia]]="Annual", Tabla2[[#This Row],[Cosecha/Tarea]]/12,Tabla2[[#This Row],[Cosecha/Tarea]]) -> 39686.667 | F289: 82053 | G289: Millar Platano | H289: =F289/Tabla2[[#This Row],[Cosecha Mensual]] -> 2.0675206 | I289: =H289*_xlfn.XLOOKUP(Tabla2[[#This Row],[Unidad de producción]],Tabla3[Medida],Tabla3[Equivalencia en Kg],"ELVIS",0) -> 843.85852 | J289: 1639.33 | K289: Millar Platano | L289: =J289/_xlfn.XLOOKUP(Tabla2[[#This Row],[Unidad de precio]],Tabla3[Medida],Tabla3[Equivalencia en Kg],"ELVIS",0) -> 4.016489 | N289: =(Tabla2[[#This Row],[Productividad (kg/TAS)]]*Tabla2[[#This Row],[Precio por kg]]-Tabla2[[#This Row],[Costos (En RD$/Tarea)]]) -> 3389.3485 | O289: =IF(Tabla2[[#This Row],[Costos (En RD$/Tarea)]]=0,0,Tabla2[[#This Row],[Beneficio Neto (En RD$/Tarea)]]/Tabla2[[#This Row],[Costos (En RD$/Tarea)]]) -> 0 | P289: =Tabla2[[#This Row],[Rentabilidad (%)]]/12 -> 0
A290: 37257 | B290: Arroz | C290: 61906 | D290: Mensual | E290: =IF(Tabla2[[#This Row],[Frecuencia]]="Annual", Tabla2[[#This Row],[Cosecha/Tarea]]/12,Tabla2[[#This Row],[Cosecha/Tarea]]) -> 61906 | F290: 161648 | G290: Quintal | H290: =F290/Tabla2[[#This Row],[Cosecha Mensual]] -> 2.6111847 | I290: =H290*_xlfn.XLOOKUP(Tabla2[[#This Row],[Unidad de producción]],Tabla3[Medida],Tabla3[Equivalencia en Kg],"ELVIS",0) -> 118.44334 | J290: 982.66667 | K290: Fanela | L290: =J290/_xlfn.XLOOKUP(Tabla2[[#This Row],[Unidad de precio]],Tabla3[Medida],Tabla3[Equivalencia en Kg],"ELVIS",0) -> 8.9333333 | M290: 1921.06 | N290: =(Tabla2[[#This Row],[Productividad (kg/TAS)]]*Tabla2[[#This Row],[Precio por kg]]-Tabla2[[#This Row],[Costos (En RD$/Tarea)]]) -> -862.96618 | O290: =IF(Tabla2[[#This Row],[Costos (En RD$/Tarea)]]=0,0,Tabla2[[#This Row],[Beneficio Neto (En RD$/Tarea)]]/Tabla2[[#This Row],[Costos (En RD$/Tarea)]]) -> -0.44921355 | P290: =Tabla2[[#This Row],[Rentabilidad (%)]]/12 -> -0.037434462
A291: 37257 | B291: Maíz | C291: 36366 | D291: Mensual | E291: =IF(Tabla2[[#This Row],[Frecuencia]]="Annual", Tabla2[[#This Row],[Cosecha/Tarea]]/12,Tabla2[[#This Row],[Cosecha/Tarea]]) -> 36366 | F291: 53294 | G291: Quintal | H291: =F291/Tabla2[[#This Row],[Cosecha Mensual]] -> 1.4654897 | I291: =H291*_xlfn.XLOOKUP(Tabla2[[#This Row],[Unidad de producción]],Tabla3[Medida],Tabla3[Equivalencia en Kg],"ELVIS",0) -> 66.474615 | J291: 117.73646 | K291: Quintal | L291: =J291/_xlfn.XLOOKUP(Tabla2[[#This Row],[Unidad de precio]],Tabla3[Medida],Tabla3[Equivalencia en Kg],"ELVIS",0) -> 2.5956009 | M291: 531.935 | N291: =(Tabla2[[#This Row],[Productividad (kg/TAS)]]*Tabla2[[#This Row],[Precio por kg]]-Tabla2[[#This Row],[Costos (En RD$/Tarea)]]) -> -359.39343 | O291: =IF(Tabla2[[#This Row],[Costos (En RD$/Tarea)]]=0,0,Tabla2[[#This Row],[Beneficio Neto (En RD$/Tarea)]]/Tabla2[[#This Row],[Costos (En RD$/Tarea)]]) -> -0.67563411 | P291: =Tabla2[[#This Row],[Rentabilidad (%)]]/12 -> -0.056302842
A292: 37257 | B292: Batata | C292: 8168 | D292: Mensual | E292: =IF(Tabla2[[#This Row],[Frecuencia]]="Annual", Tabla2[[#This Row],[Cosecha/Tarea]]/12,Tabla2[[#This Row],[Cosecha/Tarea]]) -> 8168 | F292: 61135 | G292: Quintal | H292: =F292/Tabla2[[#This Row],[Cosecha Mensual]] -> 7.4846964 | I292: =H292*_xlfn.XLOOKUP(Tabla2[[#This Row],[Unidad de producción]],Tabla3[Medida],Tabla3[Equivalencia en Kg],"ELVIS",0) -> 339.50583 | J292: 155.16667 | K292: Quintal | L292: =J292/_xlfn.XLOOKUP(Tabla2[[#This Row],[Unidad de precio]],Tabla3[Medida],Tabla3[Equivalencia en Kg],"ELVIS",0) -> 3.4207819 | M292: 945.93 | N292: =(Tabla2[[#This Row],[Productividad (kg/TAS)]]*Tabla2[[#This Row],[Precio por kg]]-Tabla2[[#This Row],[Costos (En RD$/Tarea)]]) -> 215.44539 | O292: =IF(Tabla2[[#This Row],[Costos (En RD$/Tarea)]]=0,0,Tabla2[[#This Row],[Beneficio Neto (En RD$/Tarea)]]/Tabla2[[#This Row],[Costos (En RD$/Tarea)]]) -> 0.22776039 | P292: =Tabla2[[#This Row],[Rentabilidad (%)]]/12 -> 0.018980033
A293: 37257 | B293: Ñame | C293: 4351 | D293: Mensual | E293: =IF(Tabla2[[#This Row],[Frecuencia]]="Annual", Tabla2[[#This Row],[Cosecha/Tarea]]/12,Tabla2[[#This Row],[Cosecha/Tarea]]) -> 4351 | F293: 38405 | G293: Quintal | H293: =F293/Tabla2[[#This Row],[Cosecha Mensual]] -> 8.8267065 | I293: =H293*_xlfn.XLOOKUP(Tabla2[[#This Row],[Unidad de producción]],Tabla3[Medida],Tabla3[Equivalencia en Kg],"ELVIS",0) -> 400.37941 | J293: 313.83333 | K293: Quintal | L293: =J293/_xlfn.XLOOKUP(Tabla2[[#This Row],[Unidad de precio]],Tabla3[Medida],Tabla3[Equivalencia en Kg],"ELVIS",0) -> 6.9187243 | M293: 2751.22 | N293: =(Tabla2[[#This Row],[Productividad (kg/TAS)]]*Tabla2[[#This Row],[Precio por kg]]-Tabla2[[#This Row],[Costos (En RD$/Tarea)]]) -> 18.894725 | O293: =IF(Tabla2[[#This Row],[Costos (En RD$/Tarea)]]=0,0,Tabla2[[#This Row],[Beneficio Neto (En RD$/Tarea)]]/Tabla2[[#This Row],[Costos (En RD$/Tarea)]]) -> 0.0068677622 | P293: =Tabla2[[#This Row],[Rentabilidad (%)]]/12 -> 0.00057231351
A294: 37257 | B294: Papa | C294: 7389 | D294: Mensual | E294: =IF(Tabla2[[#This Row],[Frecuencia]]="Annual", Tabla2[[#This Row],[Cosecha/Tarea]]/12,Tabla2[[#This Row],[Cosecha/Tarea]]) -> 7389 | F294: 165729 | G294: Quintal | H294: =F294/Tabla2[[#This Row],[Cosecha Mensual]] -> 22.429151 | I294: =H294*_xlfn.XLOOKUP(Tabla2[[#This Row],[Unidad de producción]],Tabla3[Medida],Tabla3[Equivalencia en Kg],"ELVIS",0) -> 1017.3863 | J294: 235 | K294: Quintal | L294: =J294/_xlfn.XLOOKUP(Tabla2[[#This Row],[Unidad de precio]],Tabla3[Medida],Tabla3[Equivalencia en Kg],"ELVIS",0) -> 5.180776 | M294: 5786.34 | N294: =(Tabla2[[#This Row],[Productividad (kg/TAS)]]*Tabla2[[#This Row],[Precio por kg]]-Tabla2[[#This Row],[Costos (En RD$/Tarea)]]) -> -515.48941 | O294: =IF(Tabla2[[#This Row],[Costos (En RD$/Tarea)]]=0,0,Tabla2[[#This Row],[Beneficio Neto (En RD$/Tarea)]]/Tabla2[[#This Row],[Costos (En RD$/Tarea)]]) -> -0.089087301 | P294: =Tabla2[[#This Row],[Rentabilidad (%)]]/12 -> -0.0074239417
A295: 37257 | B295: Yautía | C295: 8577 | D295: Mensual | E295: =IF(Tabla2[[#This Row],[Frecuencia]]="Annual", Tabla2[[#This Row],[Cosecha/Tarea]]/12,Tabla2[[#This Row],[Cosecha/Tarea]]) -> 8577 | F295: 91110 | G295: Quintal | H295: =F295/Tabla2[[#This Row],[Cosecha Mensual]] -> 10.622595 | I295: =H295*_xlfn.XLOOKUP(Tabla2[[#This Row],[Unidad de producción]],Tabla3[Medida],Tabla3[Equivalencia en Kg],"ELVIS",0) -> 481.84092 | J295: 463.77733 | K295: Quintal | L295: =J295/_xlfn.XLOOKUP(Tabla2[[#This Row],[Unidad de precio]],Tabla3[Medida],Tabla3[Equivalencia en Kg],"ELVIS",0) -> 10.224368 | M295: 1994.96 | N295: =(Tabla2[[#This Row],[Productividad (kg/TAS)]]*Tabla2[[#This Row],[Precio por kg]]-Tabla2[[#This Row],[Costos (En RD$/Tarea)]]) -> 2931.5589 | O295: =IF(Tabla2[[#This Row],[Costos (En RD$/Tarea)]]=0,0,Tabla2[[#This Row],[Beneficio Neto (En RD$/Tarea)]]/Tabla2[[#This Row],[Costos (En RD$/Tarea)]]) -> 1.4694826 | P295: =Tabla2[[#This Row],[Rentabilidad (%)]]/12 -> 0.12245688
A296: 37257 | B296: Yuca | C296: 29386 | D296: Mensual | E296: =IF(Tabla2[[#This Row],[Frecuencia]]="Annual", Tabla2[[#This Row],[Cosecha/Tarea]]/12,Tabla2[[#This Row],[Cosecha/Tarea]]) -> 29386 | F296: 274031 | G296: Quintal | H296: =F296/Tabla2[[#This Row],[Cosecha Mensual]] -> 9.3252229 | I296: =H296*_xlfn.XLOOKUP(Tabla2[[#This Row],[Unidad de producción]],Tabla3[Medida],Tabla3[Equivalencia en Kg],"ELVIS",0) -> 422.99211 | J296: 97.953429 | K296: Quintal | L296: =J296/_xlfn.XLOOKUP(Tabla2[[#This Row],[Unidad de precio]],Tabla3[Medida],Tabla3[Equivalencia en Kg],"ELVIS",0) -> 2.1594671 | M296: 966.8 | N296: =(Tabla2[[#This Row],[Productividad (kg/TAS)]]*Tabla2[[#This Row],[Precio por kg]]-Tabla2[[#This Row],[Costos (En RD$/Tarea)]]) -> -53.362445 | O296: =IF(Tabla2[[#This Row],[Costos (En RD$/Tarea)]]=0,0,Tabla2[[#This Row],[Beneficio Neto (En RD$/Tarea)]]/Tabla2[[#This Row],[Costos (En RD$/Tarea)]]) -> -0.055194916 | P296: =Tabla2[[#This Row],[Rentabilidad (%)]]/12 -> -0.0045995764
A297: 37257 | B297: Auyama | C297: 7406 | D297: Mensual | E297: =IF(Tabla2[[#This Row],[Frecuencia]]="Annual", Tabla2[[#This Row],[Cosecha/Tarea]]/12,Tabla2[[#This Row],[Cosecha/Tarea]]) -> 7406 | F297: 46635 | G297: Quintal | H297: =F297/Tabla2[[#This Row],[Cosecha Mensual]] -> 6.2969214 | I297: =H297*_xlfn.XLOOKUP(Tabla2[[#This Row],[Unidad de producción]],Tabla3[Medida],Tabla3[Equivalencia en Kg],"ELVIS",0) -> 285.62836 | J297: 207.316 | K297: Quintal | L297: =J297/_xlfn.XLOOKUP(Tabla2[[#This Row],[Unidad de precio]],Tabla3[Medida],Tabla3[Equivalencia en Kg],"ELVIS",0) -> 4.5704586 | M297: 360.52 | N297: =(Tabla2[[#This Row],[Productividad (kg/TAS)]]*Tabla2[[#This Row],[Precio por kg]]-Tabla2[[#This Row],[Costos (En RD$/Tarea)]]) -> 944.93256 | O297: =IF(Tabla2[[#This Row],[Costos (En RD$/Tarea)]]=0,0,Tabla2[[#This Row],[Beneficio Neto (En RD$/Tarea)]]/Tabla2[[#This Row],[Costos (En RD$/Tarea)]]) -> 2.6210267 | P297: =Tabla2[[#This Row],[Rentabilidad (%)]]/12 -> 0.21841889
A298: 37257 | B298: Berenjena | C298: 2752 | D298: Mensual | E298: =IF(Tabla2[[#This Row],[Frecuencia]]="Annual", Tabla2[[#This Row],[Cosecha/Tarea]]/12,Tabla2[[#This Row],[Cosecha/Tarea]]) -> 2752 | F298: 22446 | G298: Quintal | H298: =F298/Tabla2[[#This Row],[Cosecha Mensual]] -> 8.15625 | I298: =H298*_xlfn.XLOOKUP(Tabla2[[#This Row],[Unidad de producción]],Tabla3[Medida],Tabla3[Equivalencia en Kg],"ELVIS",0) -> 369.9675 | J298: 186.44 | K298: Quintal | L298: =J298/_xlfn.XLOOKUP(Tabla2[[#This Row],[Unidad de precio]],Tabla3[Medida],Tabla3[Equivalencia en Kg],"ELVIS",0) -> 4.1102293 | M298: 2321.75 | N298: =(Tabla2[[#This Row],[Productividad (kg/TAS)]]*Tabla2[[#This Row],[Precio por kg]]-Tabla2[[#This Row],[Costos (En RD$/Tarea)]]) -> -801.09875 | O298: =IF(Tabla2[[#This Row],[Costos (En RD$/Tarea)]]=0,0,Tabla2[[#This Row],[Beneficio Neto (En RD$/Tarea)]]/Tabla2[[#This Row],[Costos (En RD$/Tarea)]]) -> -0.34504092 | P298: =Tabla2[[#This Row],[Rentabilidad (%)]]/12 -> -0.02875341
A299: 37257 | B299: Aguacate | C299: 18638 | D299: Mensual | E299: =IF(Tabla2[[#This Row],[Frecuencia]]="Annual", Tabla2[[#This Row],[Cosecha/Tarea]]/12,Tabla2[[#This Row],[Cosecha/Tarea]]) -> 18638 | F299: 38757 | G299: Quintal | H299: =F299/Tabla2[[#This Row],[Cosecha Mensual]] -> 2.0794613 | I299: =H299*_xlfn.XLOOKUP(Tabla2[[#This Row],[Unidad de producción]],Tabla3[Medida],Tabla3[Equivalencia en Kg],"ELVIS",0) -> 94.324365 | J299: 2075 | K299: Millar Aguacate | L299: =J299/_xlfn.XLOOKUP(Tabla2[[#This Row],[Unidad de precio]],Tabla3[Medida],Tabla3[Equivalencia en Kg],"ELVIS",0) -> 3.6899385 | M299: 3619.46 | N299: =(Tabla2[[#This Row],[Productividad (kg/TAS)]]*Tabla2[[#This Row],[Precio por kg]]-Tabla2[[#This Row],[Costos (En RD$/Tarea)]]) -> -3271.4089 | O299: =IF(Tabla2[[#This Row],[Costos (En RD$/Tarea)]]=0,0,Tabla2[[#This Row],[Beneficio Neto (En RD$/Tarea)]]/Tabla2[[#This Row],[Costos (En RD$/Tarea)]]) -> -0.90383894 | P299: =Tabla2[[#This Row],[Rentabilidad (%)]]/12 -> -0.075319912
A300: 37257 | B300: Guineo | C300: 240255 | D300: Annual | E300: =IF(Tabla2[[#This Row],[Frecuencia]]="Annual", Tabla2[[#This Row],[Cosecha/Tarea]]/12,Tabla2[[#This Row],[Cosecha/Tarea]]) -> 20021.25 | F300: 1461836 | G300: Racimo | H300: =F300/Tabla2[[#This Row],[Cosecha Mensual]] -> 73.014222 | I300: =H300*_xlfn.XLOOKUP(Tabla2[[#This Row],[Unidad de producción]],Tabla3[Medida],Tabla3[Equivalencia en Kg],"ELVIS",0) -> 1986.717 | J300: 27.365714 | K300: Racimo | L300: =J300/_xlfn.XLOOKUP(Tabla2[[#This Row],[Unidad de precio]],Tabla3[Medida],Tabla3[Equivalencia en Kg],"ELVIS",0) -> 1.0057227 | M300: 3727.21 | N300: =(Tabla2[[#This Row],[Productividad (kg/TAS)]]*Tabla2[[#This Row],[Precio por kg]]-Tabla2[[#This Row],[Costos (En RD$/Tarea)]]) -> -1729.1237 | O300: =IF(Tabla2[[#This Row],[Costos (En RD$/Tarea)]]=0,0,Tabla2[[#This Row],[Beneficio Neto (En RD$/Tarea)]]/Tabla2[[#This Row],[Costos (En RD$/Tarea)]]) -> -0.46391903 | P300: =Tabla2[[#This Row],[Rentabilidad (%)]]/12 -> -0.038659919
A301: 37257 | B301: Plátano | C301: 556294 | D301: Annual | E301: =IF(Tabla2[[#This Row],[Frecuencia]]="Annual", Tabla2[[#This Row],[Cosecha/Tarea]]/12,Tabla2[[#This Row],[Cosecha/Tarea]]) -> 46357.833 | F301: 82768 | G301: Millar Platano | H301: =F301/Tabla2[[#This Row],[Cosecha Mensual]] -> 1.7854156 | I301: =H301*_xlfn.XLOOKUP(Tabla2[[#This Row],[Unidad de producción]],Tabla3[Medida],Tabla3[Equivalencia en Kg],"ELVIS",0) -> 728.71739 | J301: 1312.4471 | K301: Millar Platano | L301: =J301/_xlfn.XLOOKUP(Tabla2[[#This Row],[Unidad de precio]],Tabla3[Medida],Tabla3[Equivalencia en Kg],"ELVIS",0) -> 3.2156 | M301: 3949.84 | N301: =(Tabla2[[#This Row],[Productividad (kg/TAS)]]*Tabla2[[#This Row],[Precio por kg]]-Tabla2[[#This Row],[Costos (En RD$/Tarea)]]) -> -1606.5764 | O301: =IF(Tabla2[[#This Row],[Costos (En RD$/Tarea)]]=0,0,Tabla2[[#This Row],[Beneficio Neto (En RD$/Tarea)]]/Tabla2[[#This Row],[Costos (En RD$/Tarea)]]) -> -0.40674467 | P301: =Tabla2[[#This Row],[Rentabilidad (%)]]/12 -> -0.033895389
... A3313: 44896 | B3313: Plátano | C3313: 702426.6 | D3313: Annual | E3313: =IF(Tabla2[[#This Row],[Frecuencia]]="Annual", Tabla2[[#This Row],[Cosecha/Tarea]]/12,Tabla2[[#This Row],[Cosecha/Tarea]]) -> 58535.55 | F3313: 1606671 | G3313: Quintal | H3313: =F3313/Tabla2[[#This Row],[Cosecha Mensual]] -> 27.447782 | I3313: =H3313*_xlfn.XLOOKUP(Tabla2[[#This Row],[Unidad de producción]],Tabla3[Medida],Tabla3[Equivalencia en Kg],"ELVIS",0) -> 1245.0314 | J3313: 13019.922 | K3313: Millar Platano | L3313: =J3313/_xlfn.XLOOKUP(Tabla2[[#This Row],[Unidad de precio]],Tabla3[Medida],Tabla3[Equivalencia en Kg],"ELVIS",0) -> 31.899845 | M3313: 25908.33 | N3313: =(Tabla2[[#This Row],[Productividad (kg/TAS)]]*Tabla2[[#This Row],[Precio por kg]]-Tabla2[[#This Row],[Costos (En RD$/Tarea)]]) -> 13807.978 | O3313: =IF(Tabla2[[#This Row],[Costos (En RD$/Tarea)]]=0,0,Tabla2[[#This Row],[Beneficio Neto (En RD$/Tarea)]]/Tabla2[[#This Row],[Costos (En RD$/Tarea)]]) -> 0.53295517 | P3313: =Tabla2[[#This Row],[Rentabilidad (%)]]/12 -> 0.044412931

Sheet data_anual
A1: Año | B1: Fecha | C1: Rubro | D1: Unidad de Produccion | E1: Productividad | F1: Productividad kg/tarea | G1: Precio | H1: Unidad de Precio | I1: Precio_kg | J1: Costos (En RD$) | K1: Ciclo (YearFrac) | L1: Beneficio | M1: Rentabilidad | N1: Rentabilidad Anual
A2: 2000 | B2: =DATE(A2,12,31) -> 36891 | C2: Arroz | D2: Quintal | E2: 4.1721915 | F2: =E2*_xlfn.XLOOKUP(D2,conversiones!$A$2:$A$6,conversiones!$B$2:$B$6,0) -> 189.25061 | G2: 1045.4477 | H2: Fanela | I2: =G2/_xlfn.XLOOKUP(H2,conversiones!$A$2:$A$6,conversiones!$B$2:$B$6,0) -> 9.5040704 | K2: =_xlfn.XLOOKUP(C2,Ciclo!$A$2:$A$13,Ciclo!$D$2:$D$13,0) -> 2.4 | L2: =F2*I2-J2 -> 1798.6511 | M2: =IF(J2=0,0,L2/J2) -> 0 | N2: =M2*K2 -> 0
A3: 2000 | B3: =DATE(A3,12,31) -> 36891 | C3: Maíz | D3: Quintal | E3: 1.711368 | F3: =E3*_xlfn.XLOOKUP(D3,conversiones!$A$2:$A$6,conversiones!$B$2:$B$6,0) -> 77.627653 | G3: 126.9299 | H3: Quintal | I3: =G3/_xlfn.XLOOKUP(H3,conversiones!$A$2:$A$6,conversiones!$B$2:$B$6,0) -> 2.7982783 | K3: =_xlfn.XLOOKUP(C3,Ciclo!$A$2:$A$13,Ciclo!$D$2:$D$13,0) -> 3 | L3: =F3*I3-J3 -> 217.22378 | M3: =IF(J3=0,0,L3/J3) -> 0 | N3: =M3*K3 -> 0
A4: 2000 | B4: =DATE(A4,12,31) -> 36891 | C4: Papa | D4: Quintal | E4: 19.745053 | F4: =E4*_xlfn.XLOOKUP(D4,conversiones!$A$2:$A$6,conversiones!$B$2:$B$6,0) -> 895.6356 | G4: 288.35713 | H4: Quintal | I4: =G4/_xlfn.XLOOKUP(H4,conversiones!$A$2:$A$6,conversiones!$B$2:$B$6,0) -> 6.3570795 | K4: =_xlfn.XLOOKUP(C4,Ciclo!$A$2:$A$13,Ciclo!$D$2:$D$13,0) -> 4 | L4: =F4*I4-J4 -> 5693.6267 | M4: =IF(J4=0,0,L4/J4) -> 0 | N4: =M4*K4 -> 0
A5: 2000 | B5: =DATE(A5,12,31) -> 36891 | C5: Batata | D5: Quintal | E5: 8.3967827 | F5: =E5*_xlfn.XLOOKUP(D5,conversiones!$A$2:$A$6,conversiones!$B$2:$B$6,0) -> 380.87806 | G5: 140.72661 | H5: Quintal | I5: =G5/_xlfn.XLOOKUP(H5,conversiones!$A$2:$A$6,conversiones!$B$2:$B$6,0) -> 3.1024385 | K5: =_xlfn.XLOOKUP(C5,Ciclo!$A$2:$A$13,Ciclo!$D$2:$D$13,0) -> 2 | L5: =F5*I5-J5 -> 1181.6508 | M5: =IF(J5=0,0,L5/J5) -> 0 | N5: =M5*K5 -> 0
A6: 2000 | B6: =DATE(A6,12,31) -> 36891 | C6: Yuca | D6: Quintal | E6: 9.0633371 | F6: =E6*_xlfn.XLOOKUP(D6,conversiones!$A$2:$A$6,conversiones!$B$2:$B$6,0) -> 411.11297 | G6: 122.07763 | H6: Quintal | I6: =G6/_xlfn.XLOOKUP(H6,conversiones!$A$2:$A$6,conversiones!$B$2:$B$6,0) -> 2.6913059 | K6: =_xlfn.XLOOKUP(C6,Ciclo!$A$2:$A$13,Ciclo!$D$2:$D$13,0) -> 1.2 | L6: =F6*I6-J6 -> 1106.4307 | M6: =IF(J6=0,0,L6/J6) -> 0 | N6: =M6*K6 -> 0
A7: 2000 | B7: =DATE(A7,12,31) -> 36891 | C7: Ñame | D7: Quintal | E7: 9.0010522 | F7: =E7*_xlfn.XLOOKUP(D7,conversiones!$A$2:$A$6,conversiones!$B$2:$B$6,0) -> 408.28773 | G7: 293.81691 | H7: Quintal | I7: =G7/_xlfn.XLOOKUP(H7,conversiones!$A$2:$A$6,conversiones!$B$2:$B$6,0) -> 6.4774452 | K7: =_xlfn.XLOOKUP(C7,Ciclo!$A$2:$A$13,Ciclo!$D$2:$D$13,0) -> 1 | L7: =F7*I7-J7 -> 2644.6614 | M7: =IF(J7=0,0,L7/J7) -> 0 | N7: =M7*K7 -> 0
A8: 2000 | B8: =DATE(A8,12,31) -> 36891 | C8: Yautía | D8: Quintal | E8: 11.003949 | F8: =E8*_xlfn.XLOOKUP(D8,conversiones!$A$2:$A$6,conversiones!$B$2:$B$6,0) -> 499.13912 | G8: 427.44142 | H8: Quintal | I8: =G8/_xlfn.XLOOKUP(H8,conversiones!$A$2:$A$6,conversiones!$B$2:$B$6,0) -> 9.4233117 | K8: =_xlfn.XLOOKUP(C8,Ciclo!$A$2:$A$13,Ciclo!$D$2:$D$13,0) -> 1 | L8: =F8*I8-J8 -> 4703.5435 | M8: =IF(J8=0,0,L8/J8) -> 0 | N8: =M8*K8 -> 0
A9: 2000 | B9: =DATE(A9,12,31) -> 36891 | C9: Guineo | D9: Racimo | E9: 72.951998 | F9: =E9*_xlfn.XLOOKUP(D9,conversiones!$A$2:$A$6,conversiones!$B$2:$B$6,0) -> 1985.0239 | G9: 20.206025 | H9: Racimo | I9: =G9/_xlfn.XLOOKUP(H9,conversiones!$A$2:$A$6,conversiones!$B$2:$B$6,0) -> 0.74259555 | K9: =_xlfn.XLOOKUP(C9,Ciclo!$A$2:$A$13,Ciclo!$D$2:$D$13,0) -> 1 | L9: =F9*I9-J9 -> 1474.0699 | M9: =IF(J9=0,0,L9/J9) -> 0 | N9: =M9*K9 -> 0
A10: 2000 | B10: =DATE(A10,12,31) -> 36891 | C10: Plátano | D10: Millar Platano | E10: 2.215382 | F10: =E10*_xlfn.XLOOKUP(D10,conversiones!$A$2:$A$6,conversiones!$B$2:$B$6,0) -> 904.20817 | G10: 997.60236 | H10: Millar Platano | I10: =G10/_xlfn.XLOOKUP(H10,conversiones!$A$2:$A$6,conversiones!$B$2:$B$6,0) -> 2.4442052 | K10: =_xlfn.XLOOKUP(C10,Ciclo!$A$2:$A$13,Ciclo!$D$2:$D$13,0) -> 1 | L10: =F10*I10-J10 -> 2210.0703 | M10: =IF(J10=0,0,L10/J10) -> 0 | N10: =M10*K10 -> 0
A11: 2000 | B11: =DATE(A11,12,31) -> 36891 | C11: Aguacate | D11: Millar Aguacate | E11: 1.8576613 | F11: =E11*_xlfn.XLOOKUP(D11,conversiones!$A$2:$A$6,conversiones!$B$2:$B$6,0) -> 1044.6372 | G11: 1532.1678 | H11: Millar Aguacate | I11: =G11/_xlfn.XLOOKUP(H11,conversiones!$A$2:$A$6,conversiones!$B$2:$B$6,0) -> 2.7246289 | K11: =_xlfn.XLOOKUP(C11,Ciclo!$A$2:$A$13,Ciclo!$D$2:$D$13,0) -> 3 | L11: =F11*I11-J11 -> 2846.2488 | M11: =IF(J11=0,0,L11/J11) -> 0 | N11: =M11*K11 -> 0
A12: 2000 | B12: =DATE(A12,12,31) -> 36891 | C12: Auyama | D12: Quintal | E12: 5.9253982 | F12: =E12*_xlfn.XLOOKUP(D12,conversiones!$A$2:$A$6,conversiones!$B$2:$B$6,0) -> 268.77606 | G12: 233.39957 | H12: Quintal | I12: =G12/_xlfn.XLOOKUP(H12,conversiones!$A$2:$A$6,conversiones!$B$2:$B$6,0) -> 5.1454931 | K12: =_xlfn.XLOOKUP(C12,Ciclo!$A$2:$A$13,Ciclo!$D$2:$D$13,0) -> 3 | L12: =F12*I12-J12 -> 1382.9854 | M12: =IF(J12=0,0,L12/J12) -> 0 | N12: =M12*K12 -> 0
A13: 2000 | B13: =DATE(A13,12,31) -> 36891 | C13: Berenjena | D13: Quintal | E13: 8.816271 | F13: =E13*_xlfn.XLOOKUP(D13,conversiones!$A$2:$A$6,conversiones!$B$2:$B$6,0) -> 399.90605 | G13: 158.90436 | H13: Quintal | I13: =G13/_xlfn.XLOOKUP(H13,conversiones!$A$2:$A$6,conversiones!$B$2:$B$6,0) -> 3.5031825 | K13: =_xlfn.XLOOKUP(C13,Ciclo!$A$2:$A$13,Ciclo!$D$2:$D$13,0) -> 2.4 | L13: =F13*I13-J13 -> 1400.9439 | M13: =IF(J13=0,0,L13/J13) -> 0 | N13: =M13*K13 -> 0
... A25: 2001 | B25: =DATE(A25,12,31) -> 37256 | C25: Berenjena | D25: Quintal | E25: 8.6117381 | F25: =E25*_xlfn.XLOOKUP(D25,conversiones!$A$2:$A$6,conversiones!$B$2:$B$6,0) -> 390.62844 | G25: 209.19451 | H25: Quintal | I25: =G25/_xlfn.XLOOKUP(H25,conversiones!$A$2:$A$6,conversiones!$B$2:$B$6,0) -> 4.611872 | K25: =_xlfn.XLOOKUP(C25,Ciclo!$A$2:$A$13,Ciclo!$D$2:$D$13,0) -> 2.4 | L25: =F25*I25-J25 -> 1801.5284 | M25: =IF(J25=0,0,L25/J25) -> 0 | N25: =M25*K25 -> 0
A26: 2002 | B26: =DATE(A26,12,31) -> 37621 | C26: Arroz | D26: Quintal | E26: 4.3794112 | F26: =E26*_xlfn.XLOOKUP(D26,conversiones!$A$2:$A$6,conversiones!$B$2:$B$6,0) -> 198.65009 | G26: 873.17895 | H26: Fanela | I26: =G26/_xlfn.XLOOKUP(H26,conversiones!$A$2:$A$6,conversiones!$B$2:$B$6,0) -> 7.9379905 | J26: 1921.06 | K26: =_xlfn.XLOOKUP(C26,Ciclo!$A$2:$A$13,Ciclo!$D$2:$D$13,0) -> 2.4 | L26: =F26*I26-J26 -> -344.17745 | M26: =IF(J26=0,0,L26/J26) -> -0.17916018 | N26: =M26*K26 -> -0.42998443
A27: 2002 | B27: =DATE(A27,12,31) -> 37621 | C27: Maíz | D27: Quintal | E27: 1.7968558 | F27: =E27*_xlfn.XLOOKUP(D27,conversiones!$A$2:$A$6,conversiones!$B$2:$B$6,0) -> 81.50538 | G27: 125.81119 | H27: Quintal | I27: =G27/_xlfn.XLOOKUP(H27,conversiones!$A$2:$A$6,conversiones!$B$2:$B$6,0) -> 2.7736154 | J27: 531.935 | K27: =_xlfn.XLOOKUP(C27,Ciclo!$A$2:$A$13,Ciclo!$D$2:$D$13,0) -> 3 | L27: =F27*I27-J27 -> -305.87042 | M27: =IF(J27=0,0,L27/J27) -> -0.57501466 | N27: =M27*K27 -> -1.725044
A28: 2002 | B28: =DATE(A28,12,31) -> 37621 | C28: Papa | D28: Quintal | E28: 23.064823 | F28: =E28*_xlfn.XLOOKUP(D28,conversiones!$A$2:$A$6,conversiones!$B$2:$B$6,0) -> 1046.2204 | G28: 207.37863 | H28: Quintal | I28: =G28/_xlfn.XLOOKUP(H28,conversiones!$A$2:$A$6,conversiones!$B$2:$B$6,0) -> 4.5718393 | J28: 5786.34 | K28: =_xlfn.XLOOKUP(C28,Ciclo!$A$2:$A$13,Ciclo!$D$2:$D$13,0) -> 4 | L28: =F28*I28-J28 -> -1003.1886 | M28: =IF(J28=0,0,L28/J28) -> -0.17337187 | N28: =M28*K28 -> -0.69348749
A29: 2002 | B29: =DATE(A29,12,31) -> 37621 | C29: Batata | D29: Quintal | E29: 8.3908372 | F29: =E29*_xlfn.XLOOKUP(D29,conversiones!$A$2:$A$6,conversiones!$B$2:$B$6,0) -> 380.60838 | G29: 120.59053 | H29: Quintal | I29: =G29/_xlfn.XLOOKUP(H29,conversiones!$A$2:$A$6,conversiones!$B$2:$B$6,0) -> 2.6585214 | J29: 945.93 | K29: =_xlfn.XLOOKUP(C29,Ciclo!$A$2:$A$13,Ciclo!$D$2:$D$13,0) -> 2 | L29: =F29*I29-J29 -> 65.925523 | M29: =IF(J29=0,0,L29/J29) -> 0.06969387 | N29: =M29*K29 -> 0.13938774
A30: 2002 | B30: =DATE(A30,12,31) -> 37621 | C30: Yuca | D30: Quintal | E30: 9.6952707 | F30: =E30*_xlfn.XLOOKUP(D30,conversiones!$A$2:$A$6,conversiones!$B$2:$B$6,0) -> 439.77748 | G30: 94.63989 | H30: Quintal | I30: =G30/_xlfn.XLOOKUP(H30,conversiones!$A$2:$A$6,conversiones!$B$2:$B$6,0) -> 2.0864173 | J30: 966.8 | K30: =_xlfn.XLOOKUP(C30,Ciclo!$A$2:$A$13,Ciclo!$D$2:$D$13,0) -> 1.2 | L30: =F30*I30-J30 -> -49.240651 | M30: =IF(J30=0,0,L30/J30) -> -0.05093158 | N30: =M30*K30 -> -0.061117896
A31: 2002 | B31: =DATE(A31,12,31) -> 37621 | C31: Ñame | D31: Quintal | E31: 9.3446182 | F31: =E31*_xlfn.XLOOKUP(D31,conversiones!$A$2:$A$6,conversiones!$B$2:$B$6,0) -> 423.87188 | G31: 327.28706 | H31: Quintal | I31: =G31/_xlfn.XLOOKUP(H31,conversiones!$A$2:$A$6,conversiones!$B$2:$B$6,0) -> 7.2153231 | J31: 2751.22 | K31: =_xlfn.XLOOKUP(C31,Ciclo!$A$2:$A$13,Ciclo!$D$2:$D$13,0) -> 1 | L31: =F31*I31-J31 -> 307.15258 | M31: =IF(J31=0,0,L31/J31) -> 0.11164232 | N31: =M31*K31 -> 0.11164232
A32: 2002 | B32: =DATE(A32,12,31) -> 37621 | C32: Yautía | D32: Quintal | E32: 10.967119 | F32: =E32*_xlfn.XLOOKUP(D32,conversiones!$A$2:$A$6,conversiones!$B$2:$B$6,0) -> 497.46851 | G32: 391.23313 | H32: Quintal | I32: =G32/_xlfn.XLOOKUP(H32,conversiones!$A$2:$A$6,conversiones!$B$2:$B$6,0) -> 8.625069 | J32: 1994.96 | K32: =_xlfn.XLOOKUP(C32,Ciclo!$A$2:$A$13,Ciclo!$D$2:$D$13,0) -> 1 | L32: =F32*I32-J32 -> 2295.7402 | M32: =IF(J32=0,0,L32/J32) -> 1.15077 | N32: =M32*K32 -> 1.15077
A33: 2002 | B33: =DATE(A33,12,31) -> 37621 | C33: Guineo | D33: Racimo | E33: 81.418559 | F33: =E33*_xlfn.XLOOKUP(D33,conversiones!$A$2:$A$6,conversiones!$B$2:$B$6,0) -> 2215.399 | G33: 26.230742 | H33: Racimo | I33: =G33/_xlfn.XLOOKUP(H33,conversiones!$A$2:$A$6,conversiones!$B$2:$B$6,0) -> 0.9640111 | J33: 3727.21 | K33: =_xlfn.XLOOKUP(C33,Ciclo!$A$2:$A$13,Ciclo!$D$2:$D$13,0) -> 1 | L33: =F33*I33-J33 -> -1591.5408 | M33: =IF(J33=0,0,L33/J33) -> -0.42700593 | N33: =M33*K33 -> -0.42700593
A34: 2002 | B34: =DATE(A34,12,31) -> 37621 | C34: Plátano | D34: Millar Platano | E34: 1.8493944 | F34: =E34*_xlfn.XLOOKUP(D34,conversiones!$A$2:$A$6,conversiones!$B$2:$B$6,0) -> 754.83034 | G34: 1184.5831 | H34: Millar Platano | I34: =G34/_xlfn.XLOOKUP(H34,conversiones!$A$2:$A$6,conversiones!$B$2:$B$6,0) -> 2.902323 | J34: 3949.84 | K34: =_xlfn.XLOOKUP(C34,Ciclo!$A$2:$A$13,Ciclo!$D$2:$D$13,0) -> 1 | L34: =F34*I34-J34 -> -1759.0785 | M34: =IF(J34=0,0,L34/J34) -> -0.44535437 | N34: =M34*K34 -> -0.44535437
A35: 2002 | B35: =DATE(A35,12,31) -> 37621 | C35: Aguacate | D35: Millar Aguacate | E35: 1.7971125 | F35: =E35*_xlfn.XLOOKUP(D35,conversiones!$A$2:$A$6,conversiones!$B$2:$B$6,0) -> 1010.5882 | G35: 2767.6698 | H35: Millar Aguacate | I35: =G35/_xlfn.XLOOKUP(H35,conversiones!$A$2:$A$6,conversiones!$B$2:$B$6,0) -> 4.9217018 | J35: 3619.46 | K35: =_xlfn.XLOOKUP(C35,Ciclo!$A$2:$A$13,Ciclo!$D$2:$D$13,0) -> 3 | L35: =F35*I35-J35 -> 1354.354 | M35: =IF(J35=0,0,L35/J35) -> 0.37418675 | N35: =M35*K35 -> 1.1225603
A36: 2002 | B36: =DATE(A36,12,31) -> 37621 | C36: Auyama | D36: Quintal | E36: 6.1150977 | F36: =E36*_xlfn.XLOOKUP(D36,conversiones!$A$2:$A$6,conversiones!$B$2:$B$6,0) -> 277.38083 | G36: 208.94 | H36: Quintal | I36: =G36/_xlfn.XLOOKUP(H36,conversiones!$A$2:$A$6,conversiones!$B$2:$B$6,0) -> 4.606261 | J36: 360.52 | K36: =_xlfn.XLOOKUP(C36,Ciclo!$A$2:$A$13,Ciclo!$D$2:$D$13,0) -> 3 | L36: =F36*I36-J36 -> 917.16852 | M36: =IF(J36=0,0,L36/J36) -> 2.5440157 | N36: =M36*K36 -> 7.632047
A37: 2002 | B37: =DATE(A37,12,31) -> 37621 | C37: Berenjena | D37: Quintal | E37: 9.4227337 | F37: =E37*_xlfn.XLOOKUP(D37,conversiones!$A$2:$A$6,conversiones!$B$2:$B$6,0) -> 427.4152 | G37: 207.8 | H37: Quintal | I37: =G37/_xlfn.XLOOKUP(H37,conversiones!$A$2:$A$6,conversiones!$B$2:$B$6,0) -> 4.5811287 | J37: 2321.75 | K37: =_xlfn.XLOOKUP(C37,Ciclo!$A$2:$A$13,Ciclo!$D$2:$D$13,0) -> 2.4 | L37: =F37*I37-J37 -> -363.70593 | M37: =IF(J37=0,0,L37/J37) -> -0.15665163 | N37: =M37*K37 -> -0.37596392
... A277: 2022 | B277: =DATE(A277,12,31) -> 44926 | C277: Berenjena | D277: Quintal | E277: 9.9498851 | F277: =E277*_xlfn.XLOOKUP(D277,conversiones!$A$2:$A$6,conversiones!$B$2:$B$6,0) -> 451.32679 | G277: 1112.4651 | H277: Quintal | I277: =G277/_xlfn.XLOOKUP(H277,conversiones!$A$2:$A$6,conversiones!$B$2:$B$6,0) -> 24.525245 | J277: 11717.05 | K277: =_xlfn.XLOOKUP(C277,Ciclo!$A$2:$A$13,Ciclo!$D$2:$D$13,0) -> 2.4 | L277: =F277*I277-J277 -> -648.15003 | M277: =IF(J277=0,0,L277/J277) -> -0.055316827 | N277: =M277*K277 -> -0.13276039

Sheet conversiones
A1: Medida | B1: Equivalencia en Kg
A2: Quintal | B2: 45.36
A3: Racimo | B3: 27.21
A4: Millar Aguacate | B4: 562.34
A5: Millar Platano | B5: 408.15
A6: Fanela | B6: 110

Sheet Ciclo
A1: Rubro | B1: Ciclo | C1: Meses | D1: YearFrac | E1: Fecha de siembra | F1: Fecha de cosecha
A2: Arroz | B2: 5 | C2: Meses | D2: =12/B2 -> 2.4
A3: Maíz | B3: 4 | C3: Meses | D3: =12/B3 -> 3 | E3: Todo el año | F3: Todo el año
A4: Papa | B4: 3 | C4: Meses | D4: =12/B4 -> 4
A5: Batata | B5: 6 | C5: Meses | D5: =12/B5 -> 2
A6: Yuca | B6: 10 | C6: Meses | D6: =12/B6 -> 1.2
A7: Ñame | B7: 12 | C7: Meses | D7: =12/B7 -> 1
A8: Yautía | B8: 12 | C8: Meses | D8: =12/B8 -> 1
A9: Guineo | B9: 12 | C9: Meses | D9: =12/B9 -> 1
A10: Plátano | B10: 12 | C10: Meses | D10: =12/B10 -> 1
A11: Aguacate | B11: 4 | C11: Meses | D11: =12/B11 -> 3
A12: Auyama | B12: 4 | C12: Meses | D12: =12/B12 -> 3
A13: Berenjena | B13: 5 | C13: Meses | D13: =12/B13 -> 2.4

Sheet Hoja3
A1: ** | B1: en racimos
A2: * | B2: millares
A5: En QQ a partir de 2015
A6: Guineo
A7: Plátano
A13: Peso promedio plátano (lb) | B13: 0.9 | C13: =60 * 2.2 -> 132 | D13: =C13/B13 -> 146.66667
A14: Peso promedio guineo (lb) | B14: 0.5
A15: Peso promedio plátano (kg) | B15: =B13*B20 -> 0.40815 | D15: =B15*1000 -> 408.15
A17: Peso promedio guineo (kg) | B17: =B14*B20 -> 0.22675
A18: Peso promedio del racimo de plátano (Supuesto) | B18: 40 | C18: kg | D18: 30-50 kg
A20: 1 lb | B20: 0.4535 | C20: kg
B21: 45.36
A23: Racimo de guineo (lb) | B23: 60
A24: Racimo de guineo (kg) | B24: =B23*B20 -> 27.21
A27: Peso promedio del aguacate(lb) | B27: 1.24
A28: Peso promedio del aguacate(kg) | B28: =B27*B20 -> 0.56234 | D28: =1000*B28 -> 562.34
A33: Precio
A34: Arroz Cáscara | B34: Fan. 110 kg | C34: Se divide entre 110
A35: Maíz | B35: Quintal | C35: Se divide por 45.36
A36: Batata | B36: Quintal | C36: Se divide por 45.37
A37: Ñame | B37: Quintal | C37: Se divide por 45.38
A38: Papa blanca | B38: Quintal | C38: Se divide por 45.39
A39: Yautía | B39: Quintal | C39: Se divide por 45.40
A40: Yuca | B40: Quintal | C40: Se divide por 45.41 | D40: Dulce
A41: Auyama | B41: Quintal | C41: Se divide por 45.42
A42: Berenjena | B42: Quintal | C42: Se divide por 45.43
A43: Aguacate | B43: Millar | C43: 1000 y luego 0.56234
A44: Guineo | B44: Racimo | C44: se divide entre 27.21
A45: Plátano | B45: Millar | C45: 1000 y luego 0.40815
